k;inercia;silhouette
2;223807.9538244402;0.29620159548516456
3;200439.1060544242;0.17692037427331922
4;182696.24619324482;0.18323090757603872
5;169658.36832082094;0.193476521538174
6;159227.52360838267;0.20138565180846105
7;151669.85091101183;0.19615484298949162
8;144511.9018953097;0.2077128265953358
9;137306.3990343532;0.21711447326276587
10;130441.64844882795;0.22201827955818482
